{
  // These tasks will run in order when initializing your CodeSandbox project.
  "setupTasks": [
    {
      "name": "Installing Dependencies",
      "command": "npm install"
    }
  ],

  // These tasks can be run from CodeSandbox. Running one will open a log in the app.
  "tasks": {
    "dev": {
      "name": "dev",
      "command": "npm run dev",
      "runAtStart": true,
      "preview": {
        "port": 2223
      }
    },
    "dev2": {
      "name": "dev2",
      "command": "npm run dev2",
      "runAtStart": false
    },
    "preview": {
      "name": "preview",
      "command": "npm run preview",
      "runAtStart": false
    },
    "build": {
      "name": "build",
      "command": "npm run build",
      "runAtStart": false
    }
  }
}
